{
    "data": "./scripts/playground/simple_circuit.fasta",
    "reactions": {
        "inputs": [
            [],
            [],
            [],
            ["RNA1", "RNA1"],
            ["RNA1", "RNA2"],
            ["RNA1", "RNA3"],
            ["RNA2", "RNA2"],
            ["RNA2", "RNA3"],
            ["RNA3", "RNA3"],
            ["RNA1"],
            ["RNA2"],
            ["RNA3"]
        ],
        "outputs": [
            ["RNA1"],
            ["RNA2"],
            ["RNA3"],
            ["RNA1 + RNA1"],
            ["RNA1 + RNA2"],
            ["RNA1 + RNA3"],
            ["RNA2 + RNA2"],
            ["RNA2 + RNA3"],
            ["RNA3 + RNA3"],
            [],
            [],
            []
        ]
    },
    "starting_concentration": {
        "dRNA1": 0,
        "dRNA2": 0,
        "dRNA3": 0,
        "RNA1": 20,
        "RNA2": 10,
        "RNA3": 15,
        "RNA1 + RNA1": 0,
        "RNA1 + RNA2": 0,
        "RNA1 + RNA3": 0,
        "RNA2 + RNA2": 0,
        "RNA2 + RNA3": 0,
        "RNA3 + RNA3": 0,
        "aRNA1": 1000000,
        "aRNA2": 1000000,
        "aRNA3": 1000000
    },
    "forward_rates": [
        0.08333, 0.08333, 0.08333,
        1000000, 1000000, 1000000, 1000000, 1000000, 1000000,
        0.0008333, 0.0008333, 0.000833
    ],
    "reverse_rates": [
        0, 0, 0,
        10000, 10000, 10000, 10000, 10000, 10000,
        0, 0, 0
    ],
    "simulation": {
        "delta_t": 0.1,
        "num_steps": 10000
    }
}